,pm10,pm2_5,carbon_monoxide,nitrogen_dioxide,sulphur_dioxide,ozone,temperature_2m,precipitation,wind_speed_10m
pm10,1.0,0.9658,0.5748,0.6482,0.7708,-0.0882,-0.0896,-0.0852,-0.294
pm2_5,0.9658,1.0,0.5803,0.7303,0.8368,-0.1471,-0.0974,-0.0851,-0.4002
carbon_monoxide,0.5748,0.5803,1.0,0.6034,0.5669,-0.0604,0.0396,0.0159,-0.3135
nitrogen_dioxide,0.6482,0.7303,0.6034,1.0,0.7892,-0.5581,-0.3016,-0.0657,-0.3972
sulphur_dioxide,0.7708,0.8368,0.5669,0.7892,1.0,-0.2036,-0.1841,-0.0981,-0.5026
ozone,-0.0882,-0.1471,-0.0604,-0.5581,-0.2036,1.0,0.696,0.0337,0.1297
temperature_2m,-0.0896,-0.0974,0.0396,-0.3016,-0.1841,0.696,1.0,0.0429,0.0297
precipitation,-0.0852,-0.0851,0.0159,-0.0657,-0.0981,0.0337,0.0429,1.0,0.0306
wind_speed_10m,-0.294,-0.4002,-0.3135,-0.3972,-0.5026,0.1297,0.0297,0.0306,1.0
